<?xml version="1.0" encoding="UTF-8"?>

<behavior name="behavior_order_picking">

	<executable package_path="ariac_flexbe_behaviors.behavior_order_picking_sm" class="behavior_order_pickingSM" />
	<tagstring>Behavior for orderpicking</tagstring>
	<author>Luuk</author>
	<date>Wed May 13 2020</date>
	<description>
		Behavior for orderpicking
	</description>


	<!-- Contained Behaviors -->
	<contains name="notify_shipment_ready" />
	<contains name="transport_part_form_bin_to_agv_state" />

	<!-- Available Parameters -->

</behavior>